Course,Term,Enroll #,Evals Made,Recommend Class,Recommend Instructor,Study Hours (hrs/wk),Avg Grade Expected/Received,Difficulty Score,Difficulty
DSC 10 - Principles of Data Science (A),SP23,117,92,97.8,98.9,8.32,B+ (3.55) / B (3.21),31.76,Easy
DSC 10 - Principles of Data Science (B),SP23,117,80,82.3,96.2,8.78,B+ (3.42) / B (3.14),31.93999999999999,Easy
DSC 100 - Intro to Data Management (A),SP23,99,81,87.7,80.0,5.33,A- (3.86) / A- (3.77),17.79,Very Easy
DSC 102 - Systems for Scalable Analytics (A),SP23,112,77,93.5,92.2,6.74,A- (3.73) / B+ (3.53),24.22000000000001,Easy
DSC 104 - Beyond Relational Data Mgmt (A),SP23,18,6,100.0,80.0,6.1,A (4.00) / N/A,58.3,Moderate
DSC 106 - Intro to Data Visualization (A),SP23,100,46,71.7,68.9,8.09,A- (3.75) / A- (3.85),27.27,Easy
DSC 106 - Intro to Data Visualization (B),SP23,74,31,86.2,96.3,8.57,B+ (3.67) / A (4.00),35.61000000000001,Easy
DSC 140A - Probabilistic Modeling and ML (A),SP23,46,19,57.9,52.6,8.85,B (3.12) / B (3.20),28.950000000000003,Easy
DSC 140B - Representation Learning (A),SP23,75,25,91.3,95.7,5.8,B+ (3.39) / B+ (3.38),17.6,Very Easy
DSC 140B - Representation Learning (B),SP23,71,17,100.0,50.0,6.37,B+ (3.63) / B+ (3.43),23.109999999999992,Easy
DSC 178 - IntroRobotPerceptionNavigation (A),SP23,18,7,66.7,83.3,8.83,A (4.00) / N/A,66.49,Difficult
DSC 190 - Topics in Data Science (B),SP23,7,3,100.0,100.0,4.5,B+ (3.67) / N/A,53.5,Moderate
DSC 20 - Prgrmng/DataStruc for Data Sci (A),SP23,135,59,98.1,96.3,8.72,B+ (3.47) / B- (2.86),38.360000000000014,Easy
DSC 30 - DataStrc/Algrthms for Data Sci (A),SP23,97,49,81.3,87.5,13.36,B (3.00) / C+ (2.54),49.28,Moderate
DSC 30 - DataStrc/Algrthms for Data Sci (B),SP23,96,35,86.7,93.3,11.37,B+ (3.47) / B (3.11),41.31,Moderate
DSC 30 - DataStrc/Algrthms for Data Sci (C),SP23,30,21,90.5,85.7,10.31,B+ (3.33) / B (3.08),35.93,Easy
DSC 40B - Theor Fndtns of Data Sci II (A),SP23,73,32,100.0,96.7,5.7,B+ (3.65) / B+ (3.32),23.700000000000003,Easy
DSC 80 - Practice of Data Science (A),SP23,130,106,90.6,70.5,11.69,B+ (3.39) / B+ (3.36),35.67,Easy
DSC 95 - Tutor Appshp in Data Science (A),SP23,18,15,100.0,93.3,2.79,A (4.00) / N/A,48.370000000000005,Moderate
DSC 10 - Principles of Data Science (A),WI23,103,71,84.5,90.1,9.46,B+ (3.30) / B- (2.98),34.78,Easy
DSC 10 - Principles of Data Science (B),WI23,106,74,89.0,91.8,8.82,B+ (3.36) / B (3.14),30.86,Easy
DSC 10 - Principles of Data Science (D),WI23,92,53,88.5,90.4,7.96,B+ (3.42) / B- (2.76),37.080000000000005,Easy
DSC 100 - Intro to Data Management (A),WI23,119,98,95.9,81.4,5.66,A- (3.86) / A- (3.85),17.179999999999996,Very Easy
DSC 102 - Systems for Scalable Analytics (A),WI23,160,48,80.4,91.3,7.79,B+ (3.56) / A- (3.88),32.97,Easy
DSC 106 - Intro to Data Visualization (A),WI23,145,92,57.1,40.7,9.44,B+ (3.69) / B+ (3.70),28.620000000000005,Easy
DSC 140A - Probabilistic Modeling and ML (A),WI23,115,37,97.2,97.2,7.01,B+ (3.49) / B+ (3.42),22.430000000000003,Easy
DSC 140A - Probabilistic Modeling and ML (B),WI23,118,38,88.9,91.7,7.41,B+ (3.41) / B+ (3.36),23.230000000000004,Easy
DSC 148 - Introduction to Data Mining (A),WI23,63,40,94.9,89.5,6.86,A- (3.90) / A- (3.82),22.180000000000003,Easy
DSC 170 - Spatial Data Science and Appl (A),WI23,34,6,83.3,83.3,12.17,B+ (3.50) / A- (3.97),50.61000000000001,Moderate
DSC 180B - Data Science Project II (A),WI23,110,26,95.8,100.0,8.24,A (4.00) / A- (3.95),25.72,Easy
DSC 180B - Data Science Project II (B),WI23,91,19,94.7,100.0,9.24,A- (3.89) / A- (3.89),27.72,Easy
DSC 190 - Topics in Data Science (B),WI23,13,13,100.0,100.0,2.96,A- (3.92) / N/A,48.88,Moderate
DSC 20 - Prgrmng/DataStruc for Data Sci (A),WI23,142,78,93.2,93.2,11.13,B+ (3.49) / B (3.17),39.790000000000006,Easy
DSC 20 - Prgrmng/DataStruc for Data Sci (B),WI23,134,69,75.4,83.1,10.41,B+ (3.37) / B- (2.91),40.43,Moderate
DSC 30 - DataStrc/Algrthms for Data Sci (A),WI23,106,95,75.8,63.2,12.27,B (3.15) / B (3.26),40.10999999999999,Moderate
DSC 40A - Theor Fndtns of Data Sci I (A),WI23,92,86,79.8,84.5,8.03,B (3.15) / B (3.05),26.090000000000003,Easy
DSC 40A - Theor Fndtns of Data Sci I (B),WI23,36,31,76.7,73.3,9.5,B+ (3.40) / B (3.16),33.3,Easy
DSC 40B - Theor Fndtns of Data Sci II (A),WI23,120,63,96.7,100.0,6.32,B+ (3.57) / B+ (3.34),23.56,Easy
DSC 40B - Theor Fndtns of Data Sci II (B),WI23,42,25,92.0,84.0,5.3,A- (3.83) / B+ (3.32),26.1,Easy
DSC 80 - Practice of Data Science (A),WI23,124,100,98.0,98.0,12.9,B+ (3.49) / B+ (3.57),41.09999999999999,Moderate
DSC 95 - Tutor Appshp in Data Science (A),WI23,18,9,100.0,100.0,2.06,A (4.00) / N/A,46.18,Moderate
DSC 96 - Workshop in Data Science (A),WI23,13,8,100.0,100.0,3.5,A (4.00) / N/A,50.5,Moderate
DSC 10 - Principles of Data Science (A),FA22,116,99,95.9,94.9,8.03,B+ (3.56) / B+ (3.52),24.89,Easy
DSC 10 - Principles of Data Science (B),FA22,116,97,96.9,95.9,7.57,B+ (3.53) / B+ (3.38),25.71,Easy
DSC 10 - Principles of Data Science (C),FA22,108,93,95.7,93.4,9.27,B+ (3.53) / B+ (3.31),32.209999999999994,Easy
DSC 10 - Principles of Data Science (D),FA22,53,44,93.0,72.1,8.17,A- (3.83) / B+ (3.52),30.71,Easy
DSC 100 - Intro to Data Management (A),FA22,174,127,86.4,62.1,6.45,A- (3.71) / B+ (3.69),19.75,Very Easy
DSC 102 - Systems for Scalable Analytics (A),FA22,86,24,95.7,87.0,9.95,B+ (3.43) / B+ (3.39),30.649999999999995,Easy
DSC 180A - Data Science Project I (A),FA22,112,23,81.8,100.0,8.02,A- (3.95) / A- (3.88),25.46,Easy
DSC 180A - Data Science Project I (B),FA22,92,19,89.5,94.4,6.94,B+ (3.61) / A- (3.90),29.520000000000003,Easy
DSC 190 - Topics in Data Science (A),FA22,17,5,75.0,75.0,9.5,A (4.00) / N/A,68.5,Difficult
DSC 190 - Topics in Data Science (B),FA22,17,4,25.0,50.0,8.5,A- (3.75) / N/A,65.5,Difficult
DSC 190 - Topics in Data Science (C),FA22,43,10,100.0,87.5,4.28,A- (3.89) / A- (3.93),14.040000000000004,Very Easy
DSC 20 - Prgrmng/DataStruc for Data Sci (A),FA22,140,64,84.1,81.0,11.92,B+ (3.41) / B (3.10),41.96,Moderate
DSC 30 - DataStrc/Algrthms for Data Sci (A),FA22,90,38,85.3,82.4,11.87,B (3.26) / B- (2.84),44.00999999999999,Moderate
DSC 40A - Theor Fndtns of Data Sci I (A),FA22,108,100,84.0,60.6,7.8,B+ (3.34) / B (3.20),26.199999999999992,Easy
DSC 40A - Theor Fndtns of Data Sci I (B),FA22,96,83,86.7,73.5,7.33,B+ (3.49) / B+ (3.36),24.590000000000003,Easy
DSC 40B - Theor Fndtns of Data Sci II (A),FA22,74,21,100.0,100.0,7.03,B+ (3.50) / B+ (3.34),24.290000000000006,Easy
DSC 80 - Practice of Data Science (A),FA22,122,43,100.0,100.0,11.38,B+ (3.49) / B+ (3.66),39.24,Easy
DSC 95 - Tutor Appshp in Data Science (A),FA22,23,17,100.0,100.0,1.25,A (4.00) / N/A,43.75,Moderate
DSC 96 - Workshop in Data Science (A),FA22,39,23,59.1,85.7,3.11,A- (3.71) / N/A,49.33,Moderate
DSC 10 - Principles of Data Science (A),S322,36,16,100.0,100.0,8.1,B+ (3.67) / B+ (3.65),24.700000000000003,Easy
DSC 10 - Principles of Data Science (A),SP22,132,95,89.5,94.7,8.52,B+ (3.55) / B+ (3.36),29.36,Easy
DSC 10 - Principles of Data Science (B),SP22,133,92,93.5,95.6,8.04,B+ (3.56) / B (3.15),32.32,Easy
DSC 106 - Intro to Data Visualization (A),SP22,91,70,70.1,70.1,8.17,B+ (3.58) / B+ (3.62),25.709999999999997,Easy
DSC 120 - Signal Processing/Data Analys (A),SP22,24,11,81.8,88.9,10.32,B- (2.70) / B (3.20),45.96,Moderate
DSC 140A - Probabilistic Modeling and ML (A),SP22,56,45,40.9,56.8,10.6,B (3.17) / B (3.18),32.1,Easy
DSC 161 - Text as Data (A),SP22,27,4,100.0,100.0,8.5,B (3.25) / B+ (3.58),35.400000000000006,Easy
DSC 167 - Fairness&AlgorithmicDecisions (A),SP22,46,20,85.0,95.0,5.3,A- (3.71) / B+ (3.46),20.9,Easy
DSC 190 - Topics in Data Science (A),SP22,150,55,94.2,94.1,5.87,B+ (3.69) / B (3.26),26.21,Easy
DSC 190 - Topics in Data Science (B),SP22,10,7,100.0,100.0,4.17,B+ (3.40) / N/A,52.51,Moderate
DSC 190 - Topics in Data Science (C),SP22,20,3,66.7,66.7,9.17,A (4.00) / B+ (3.65),34.510000000000005,Easy
DSC 190 - Topics in Data Science (D),SP22,20,5,60.0,60.0,14.1,A (4.00) / A- (3.94),43.5,Moderate
DSC 20 - Prgrmng/DataStruc for Data Sci (A),SP22,130,48,86.7,84.1,11.61,B+ (3.64) / B (3.12),45.23,Moderate
DSC 30 - DataStrc/Algrthms for Data Sci (A),SP22,133,60,91.1,85.2,10.88,B (3.11) / B- (2.97),35.44,Easy
DSC 30 - DataStrc/Algrthms for Data Sci (B),SP22,48,18,88.2,70.6,9.79,B- (2.94) / C+ (2.47),38.77,Easy
DSC 40A - Theor Fndtns of Data Sci I (A),SP22,100,39,73.7,63.2,9.47,B (3.06) / B (3.13),30.509999999999994,Easy
DSC 40B - Theor Fndtns of Data Sci II (A),SP22,85,41,74.4,59.0,5.55,B (3.18) / B (3.27),19.349999999999994,Very Easy
DSC 80 - Practice of Data Science (A),SP22,109,94,98.9,100.0,11.67,B+ (3.58) / B (3.27),41.21,Moderate
DSC 80 - Practice of Data Science (B),SP22,93,76,97.4,98.7,12.39,B+ (3.58) / B+ (3.49),38.97,Easy
DSC 90 - Seminar in Data Science (A),SP22,19,8,100.0,100.0,3.25,N/A / N/A,49.75,Moderate
DSC 95 - Tutor Appshp in Data Science (A),SP22,19,14,100.0,100.0,1.93,A (4.00) / N/A,45.79,Moderate
DSC 10 - Principles of Data Science (A),WI22,141,113,97.3,100.0,8.21,A- (3.72) / B- (2.96),39.83000000000001,Easy
DSC 10 - Principles of Data Science (B),WI22,142,117,97.4,99.1,7.57,A- (3.73) / B (3.05),36.31,Easy
DSC 100 - Intro to Data Management (A),WI22,100,31,86.2,65.5,7.88,B+ (3.69) / B+ (3.67),24.04,Easy
DSC 102 - Systems for Scalable Analytics (A),WI22,136,42,87.8,85.4,9.48,B+ (3.46) / B+ (3.54),30.840000000000003,Easy
DSC 106 - Intro to Data Visualization (A),WI22,147,54,57.4,41.5,9.78,A- (3.86) / A- (3.84),29.739999999999995,Easy
DSC 140A - Probabilistic Modeling and ML (A),WI22,126,34,35.3,24.2,7.97,B (3.03) / B (3.07),25.11,Easy
DSC 140A - Probabilistic Modeling and ML (B),WI22,53,18,100.0,100.0,6.25,A (4.00) / B+ (3.61),26.550000000000004,Easy
DSC 155 - Hidden Data in Random Matrices (A),WI22,18,8,57.1,100.0,10.75,C+ (2.43) / N/A,72.25,Difficult
DSC 170 - Spatial Data Science and Appl (A),WI22,25,6,83.3,100.0,9.83,A- (3.83) / A- (3.92),32.19,Easy
DSC 180B - Data Science Project II (A),WI22,83,11,100.0,100.0,7.83,A- (3.78) / A- (3.97),29.19000000000001,Easy
DSC 180B - Data Science Project II (B),WI22,72,15,100.0,100.0,9.23,A (4.00) / A- (3.96),28.49,Easy
DSC 190 - Topics in Data Science (A),WI22,30,17,100.0,100.0,8.74,A- (3.75) / A- (3.82),28.32,Easy
DSC 190 - Topics in Data Science (B),WI22,29,11,100.0,100.0,5.5,A (4.00) / A- (3.78),20.90000000000001,Easy
DSC 190 - Topics in Data Science (C),WI22,19,16,87.5,93.8,3.25,B+ (3.67) / N/A,49.75,Moderate
DSC 20 - Prgrmng/DataStruc for Data Sci (A),WI22,219,121,94.7,92.0,10.39,B+ (3.52) / B (3.19),37.77000000000001,Easy
DSC 30 - DataStrc/Algrthms for Data Sci (B),WI22,77,25,47.8,34.8,11.63,B (3.14) / B (3.14),34.89,Easy
DSC 40A - Theor Fndtns of Data Sci I (A),WI22,66,21,85.7,85.7,7.9,B (3.11) / B- (2.94),27.1,Easy
DSC 40A - Theor Fndtns of Data Sci I (B),WI22,65,20,73.7,78.9,9.34,B (3.06) / B- (2.73),34.62,Easy
DSC 40B - Theor Fndtns of Data Sci II (A),WI22,122,82,97.5,100.0,5.66,B+ (3.61) / B+ (3.46),19.98,Very Easy
DSC 90 - Seminar in Data Science (A),WI22,25,14,100.0,100.0,2.93,A (4.00) / N/A,48.79,Moderate
DSC 95 - Tutor Appshp in Data Science (A),WI22,15,9,88.9,100.0,1.17,N/A / N/A,43.51,Moderate
DSC 96 - Workshop in Data Science (A),WI22,18,11,90.9,100.0,4.14,A (4.00) / N/A,52.42,Moderate
DSC 10 - Principles of Data Science (A),FA21,72,58,98.3,98.2,8.22,B+ (3.59) / B+ (3.33),29.86,Easy
DSC 10 - Principles of Data Science (B),FA21,71,59,100.0,100.0,6.71,B+ (3.48) / B (3.29),23.93,Easy
DSC 10 - Principles of Data Science (C),FA21,112,90,98.9,100.0,7.52,B+ (3.54) / B (3.27),27.96,Easy
DSC 100 - Intro to Data Management (A),FA21,161,42,87.5,65.0,7.25,A- (3.80) / A- (3.80),21.75,Easy
DSC 180A - Data Science Project I (A),FA21,83,13,76.9,100.0,6.81,A- (3.77) / A- (3.98),26.73,Easy
DSC 180A - Data Science Project I (B),FA21,73,20,94.4,100.0,7.61,A- (3.72) / A- (3.92),28.82999999999999,Easy
DSC 190 - Topics in Data Science (A),FA21,21,11,90.9,80.0,11.59,A- (3.82) / A (4.00),40.17000000000001,Moderate
DSC 190 - Topics in Data Science (B),FA21,9,5,100.0,100.0,8.9,A- (3.80) / N/A,66.7,Difficult
DSC 20 - Prgrmng/DataStruc for Data Sci (A),FA21,102,39,83.3,86.1,10.99,B+ (3.42) / B (3.06),40.17,Moderate
DSC 30 - DataStrc/Algrthms for Data Sci (C),FA21,28,18,93.8,87.5,12.1,B (3.20) / B- (2.77),44.9,Moderate
DSC 30 - DataStrc/Algrthms for Data Sci (D),FA21,44,19,70.6,76.5,12.83,B (3.06) / B- (2.75),44.69,Moderate
DSC 40A - Theor Fndtns of Data Sci I (A),FA21,136,124,96.0,100.0,7.33,B+ (3.56) / B+ (3.37),25.79,Easy
DSC 40B - Theor Fndtns of Data Sci II (A),FA21,70,52,96.2,100.0,6.35,B+ (3.68) / B+ (3.42),24.250000000000007,Easy
DSC 40B - Theor Fndtns of Data Sci II (B),FA21,13,5,100.0,100.0,7.7,B+ (3.50) / N/A,63.1,Difficult
DSC 80 - Practice of Data Science (A),FA21,94,45,97.7,100.0,11.73,B+ (3.64) / B+ (3.39),40.190000000000005,Moderate
DSC 95 - Tutor Appshp in Data Science (A),FA21,22,18,94.4,100.0,1.61,A (4.00) / N/A,44.83,Moderate
DSC 96 - Workshop in Data Science (A),FA21,22,12,70.0,100.0,3.23,A (4.00) / N/A,49.69,Moderate
DSC 30 - DataStrc/Algrthms for Data Sci (A),S221,39,6,16.7,66.7,18.83,B+ (3.67) / B- (2.79),74.08999999999999,Difficult
DSC 10 - Principles of Data Science (A),S121,86,20,90.0,94.7,11.9,A- (3.85) / B+ (3.57),41.3,Moderate
DSC 10 - Principles of Data Science (A),SP21,139,58,91.2,84.2,8.78,B+ (3.57) / B+ (3.35),30.739999999999988,Easy
DSC 100 - Intro to Data Management (A),SP21,14,11,90.9,90.9,5.41,A- (3.86) / N/A,56.23,Moderate
DSC 102 - Systems for Scalable Analytics (A),SP21,132,47,78.7,67.4,5.54,A- (3.78) / A- (3.98),22.620000000000008,Easy
DSC 106 - Intro to Data Visualization (A),SP21,41,12,83.3,75.0,4.0,A- (3.92) / A- (3.94),12.6,Very Easy
DSC 140A - Probabilistic Modeling and ML (A),SP21,104,33,34.4,21.9,6.81,B (3.20) / B+ (3.66),34.23,Easy
DSC 161 - Text as Data (A),SP21,24,9,100.0,100.0,4.25,A- (3.75) / B+ (3.66),14.549999999999995,Very Easy
DSC 167 - Fairness&AlgorithmicDecisions (A),SP21,46,16,87.5,100.0,6.0,B+ (3.64) / B+ (3.41),22.6,Easy
DSC 190 - Topics in Data Science (A),SP21,71,29,100.0,100.0,4.36,A- (3.78) / A- (3.70),14.679999999999994,Very Easy
DSC 20 - Prgrmng/DataStruc for Data Sci (A),SP21,113,36,85.3,73.5,11.47,B+ (3.39) / B+ (3.38),34.61,Easy
DSC 30 - DataStrc/Algrthms for Data Sci (A),SP21,149,70,83.8,72.1,10.65,B+ (3.47) / B+ (3.36),34.150000000000006,Easy
DSC 40A - Theor Fndtns of Data Sci I (A),SP21,48,21,76.2,75.0,11.26,B (3.08) / B+ (3.47),45.48,Moderate
DSC 40A - Theor Fndtns of Data Sci I (B),SP21,45,10,77.8,77.8,9.7,B+ (3.38) / B+ (3.40),29.7,Easy
DSC 40B - Theor Fndtns of Data Sci II (A),SP21,57,24,100.0,87.0,5.98,B+ (3.61) / B+ (3.65),19.14,Very Easy
DSC 80 - Practice of Data Science (A),SP21,183,65,98.4,100.0,12.11,B+ (3.56) / B+ (3.67),39.62999999999999,Easy
DSC 90 - Seminar in Data Science (A),SP21,11,8,100.0,100.0,1.75,N/A / N/A,45.25,Moderate
DSC 95 - Tutor Appshp in Data Science (A),SP21,7,5,100.0,100.0,1.7,N/A / N/A,45.1,Moderate
DSC 10 - Principles of Data Science (A),WI21,78,35,85.7,85.7,7.76,B+ (3.59) / B (3.28),29.480000000000004,Easy
DSC 10 - Principles of Data Science (B),WI21,86,39,94.6,89.2,6.61,B+ (3.48) / B+ (3.55),21.93,Easy
DSC 100 - Intro to Data Management (A),WI21,143,96,92.6,85.1,5.95,A- (3.79) / B+ (3.63),21.05,Easy
DSC 102 - Systems for Scalable Analytics (A),WI21,134,80,88.6,91.0,8.83,B+ (3.58) / B+ (3.55),27.090000000000003,Easy
DSC 106 - Intro to Data Visualization (A),WI21,43,16,87.5,81.3,3.88,B+ (3.69) / A- (3.96),19.74,Very Easy
DSC 120 - Signal Processing/Data Analys (A),WI21,21,7,71.4,85.7,9.36,B (3.20) / B+ (3.62),40.67999999999999,Moderate
DSC 140A - Probabilistic Modeling and ML (A),WI21,149,48,21.3,21.3,7.1,B (3.30) / B+ (3.52),27.90000000000001,Easy
DSC 180B - Data Science Project II (A),WI21,78,26,100.0,100.0,11.38,A- (3.88) / A- (3.93),35.64000000000001,Easy
DSC 180B - Data Science Project II (B),WI21,120,28,96.2,96.2,7.91,A- (3.70) / A- (3.95),31.23,Easy
DSC 180B - Data Science Project II (C),WI21,17,6,75.0,75.0,16.5,B+ (3.60) / N/A,89.5,Very Difficult
DSC 190 - Topics in Data Science (A),WI21,28,13,83.3,83.3,6.04,A- (3.75) / A- (3.84),20.819999999999997,Easy
DSC 190 - Topics in Data Science (B),WI21,28,15,100.0,100.0,5.36,A- (3.79) / A- (3.82),16.979999999999993,Very Easy
DSC 190 - Topics in Data Science (C),WI21,5,5,100.0,100.0,5.3,A- (3.80) / N/A,55.9,Moderate
DSC 20 - Prgrmng/DataStruc for Data Sci (A),WI21,169,88,90.6,85.4,9.9,B+ (3.46) / B+ (3.55),32.39999999999999,Easy
DSC 30 - DataStrc/Algrthms for Data Sci (A),WI21,136,51,90.0,92.0,11.97,B+ (3.64) / B+ (3.36),41.510000000000005,Moderate
DSC 40A - Theor Fndtns of Data Sci I (A),WI21,44,34,88.2,79.4,10.15,B (3.24) / B (3.06),34.050000000000004,Easy
DSC 40B - Theor Fndtns of Data Sci II (A),WI21,80,62,96.8,98.4,6.34,B+ (3.67) / A- (3.73),20.82,Easy
DSC 40B - Theor Fndtns of Data Sci II (B),WI21,40,27,100.0,100.0,5.5,A- (3.92) / B+ (3.69),21.1,Easy
DSC 90 - Seminar in Data Science (A),WI21,10,3,0.0,0.0,1.5,N/A / N/A,44.5,Moderate
DSC 95 - Tutor Appshp in Data Science (A),WI21,13,11,100.0,100.0,1.95,N/A / N/A,45.85,Moderate
DSC 96 - Workshop in Data Science (A),WI21,17,14,85.7,100.0,2.93,N/A / N/A,48.79,Moderate
DSC 10 - Principles of Data Science (A),FA20,171,116,99.1,100.0,5.9,B+ (3.68) / B (3.17),27.90000000000001,Easy
DSC 102 - Systems for Scalable Analytics (B),FA20,81,24,52.4,61.9,14.12,B (3.00) / B (3.14),46.56,Moderate
DSC 104 - Beyond Relational Data Mgmt (A),FA20,23,6,83.3,83.3,8.17,A- (3.80) / A- (3.92),28.11,Easy
DSC 106 - Intro to Data Visualization (A),FA20,115,49,67.3,65.3,10.58,B+ (3.51) / B (3.27),36.54,Easy
DSC 170 - Spatial Data Science and Appl (A),FA20,37,5,100.0,100.0,7.3,B+ (3.60) / A- (3.80),27.89999999999999,Easy
DSC 180A - Data Science Project I (A),FA20,96,24,91.3,91.3,10.14,B+ (3.50) / A- (3.72),37.02000000000001,Easy
DSC 180A - Data Science Project I (B),FA20,121,30,75.9,89.7,10.71,B+ (3.59) / B+ (3.65),33.93000000000001,Easy
DSC 190 - Topics in Data Science (A),FA20,16,6,100.0,100.0,12.1,B (3.20) / N/A,76.3,Very Difficult
DSC 190 - Topics in Data Science (B),FA20,25,9,100.0,100.0,3.39,A (4.00) / A- (3.98),10.570000000000002,Very Easy
DSC 20 - Prgrmng/DataStruc for Data Sci (A),FA20,153,57,94.5,92.6,11.46,B+ (3.68) / B (3.14),45.18000000000001,Moderate
DSC 40A - Theor Fndtns of Data Sci I (A),FA20,46,22,81.0,81.0,11.64,B+ (3.52) / B (3.16),42.12,Moderate
DSC 40A - Theor Fndtns of Data Sci I (B),FA20,49,18,76.5,76.5,11.21,B (3.29) / B (3.26),34.230000000000004,Easy
DSC 40A - Theor Fndtns of Data Sci I (C),FA20,42,14,83.3,66.7,11.33,B (3.10) / B (3.04),35.19,Easy
DSC 40B - Theor Fndtns of Data Sci II (A),FA20,77,27,96.0,100.0,5.86,A- (3.75) / B+ (3.46),23.380000000000003,Easy
DSC 80 - Practice of Data Science (A),FA20,61,19,84.2,89.5,13.66,B+ (3.58) / B (3.16),49.38,Moderate
DSC 95 - Tutor Appshp in Data Science (A),FA20,9,7,100.0,100.0,1.5,N/A / N/A,44.5,Moderate
DSC 96 - Workshop in Data Science (A),FA20,48,38,92.1,97.4,1.34,A (4.00) / N/A,44.02,Moderate
DSC 10 - Principles of Data Science (A),S320,37,7,100.0,100.0,7.07,A (4.00) / B+ (3.44),32.410000000000004,Easy
DSC 10 - Principles of Data Science (A),SP20,137,56,94.6,100.0,7.11,A- (3.76) / A- (3.74),21.729999999999997,Easy
DSC 100 - Intro to Data Management (A),SP20,90,35,45.7,31.4,7.64,B (3.14) / A- (3.92),46.31999999999999,Moderate
DSC 106 - Intro to Data Visualization (A),SP20,106,34,60.6,57.6,11.0,B+ (3.52) / A- (3.72),39.00000000000001,Easy
DSC 120 - Signal Processing/Data Analys (A),SP20,68,19,78.9,89.5,9.39,A- (3.70) / B+ (3.63),29.570000000000007,Easy
DSC 160 - Data Science and the Arts (A),SP20,89,23,100.0,100.0,5.59,A (4.00) / A- (3.83),20.169999999999995,Easy
DSC 180B - Data Science Project II (A),SP20,34,5,80.0,100.0,10.1,A (4.00) / A- (3.86),33.1,Easy
DSC 180B - Data Science Project II (B),SP20,42,8,100.0,100.0,7.17,B (3.00) / A- (3.83),46.41,Moderate
DSC 190 - Topics in Data Science (A),SP20,123,42,92.1,92.1,7.08,A- (3.79) / A- (3.90),24.54,Easy
DSC 190 - Topics in Data Science (B),SP20,35,7,85.7,100.0,5.64,B+ (3.67) / A- (3.95),25.320000000000007,Easy
DSC 30 - DataStrc/Algrthms for Data Sci (A),SP20,141,50,90.0,94.0,12.1,B+ (3.57) / B+ (3.58),36.6,Easy
DSC 40A - Theor Fndtns of Data Sci I (A),SP20,60,15,80.0,100.0,6.1,B+ (3.30) / B (3.27),18.9,Very Easy
DSC 40A - Theor Fndtns of Data Sci I (B),SP20,43,24,91.7,87.5,8.08,B+ (3.41) / B+ (3.50),26.94,Easy
DSC 40B - Theor Fndtns of Data Sci II (A),SP20,98,39,94.6,100.0,6.24,A- (3.80) / B+ (3.68),21.11999999999999,Easy
DSC 80 - Practice of Data Science (A),SP20,117,45,90.5,78.6,14.31,B+ (3.40) / B+ (3.39),43.13,Moderate
DSC 95 - Tutor Appshp in Data Science (A),SP20,13,3,100.0,100.0,3.17,A (4.00) / N/A,49.51,Moderate
DSC 96 - Workshop in Data Science (A),SP20,7,5,100.0,100.0,2.5,N/A / N/A,47.5,Moderate
DSC 10 - Principles of Data Science (A),WI20,132,58,98.2,100.0,7.46,B+ (3.56) / B+ (3.32),27.180000000000003,Easy
DSC 100 - Intro to Data Management (A),WI20,127,54,35.8,40.4,6.69,B (3.21) / B+ (3.59),31.47,Easy
DSC 102 - Systems for Scalable Analytics (A),WI20,140,116,84.5,83.6,8.09,B+ (3.31) / B+ (3.64),34.17,Easy
DSC 106 - Intro to Data Visualization (A),WI20,92,32,48.4,48.4,12.44,B+ (3.42) / B (3.04),44.92,Moderate
DSC 155 - Hidden Data in Random Matrices (A),WI20,9,7,100.0,100.0,8.79,B (3.14) / N/A,66.37,Difficult
DSC 170 - Spatial Data Science and Appl (A),WI20,32,14,92.9,100.0,11.93,B (3.07) / A- (3.72),55.290000000000006,Moderate
DSC 180A - Data Science Project I (A),WI20,34,12,80.0,100.0,9.3,B+ (3.60) / B+ (3.57),28.500000000000004,Easy
DSC 180A - Data Science Project I (B),WI20,45,16,92.9,100.0,7.64,B+ (3.43) / B+ (3.37),24.120000000000005,Easy
DSC 20 - Prgrmng/DataStruc for Data Sci (A),WI20,136,63,71.4,56.4,11.59,B (3.07) / B (3.19),38.370000000000005,Easy
DSC 30 - DataStrc/Algrthms for Data Sci (A),WI20,98,30,85.2,88.5,11.69,B (3.00) / C+ (2.67),41.67,Moderate
DSC 40A - Theor Fndtns of Data Sci I (A),WI20,99,40,89.5,100.0,5.58,B (3.29) / B+ (3.53),23.94,Easy
DSC 40B - Theor Fndtns of Data Sci II (A),WI20,57,18,100.0,100.0,6.06,B+ (3.61) / B- (2.94),31.58,Easy
DSC 40B - Theor Fndtns of Data Sci II (B),WI20,37,12,80.0,90.0,5.1,B (3.25) / B (3.01),20.1,Easy
DSC 80 - Practice of Data Science (A),WI20,96,29,88.5,80.8,13.58,B (3.27) / B- (2.90),48.14000000000001,Moderate
DSC 90 - Seminar in Data Science (A),WI20,11,4,100.0,100.0,1.0,A (4.00) / N/A,43.0,Moderate
DSC 95 - Tutor Appshp in Data Science (A),WI20,9,7,100.0,100.0,1.07,N/A / N/A,43.21,Moderate
DSC 96 - Workshop in Data Science (A),WI20,19,12,100.0,100.0,1.83,B+ (3.33) / N/A,45.49,Moderate
DSC 96 - Workshop in Data Science (B),WI20,18,13,100.0,100.0,1.73,A (4.00) / N/A,45.19,Moderate
DSC 10 - Principles of Data Science (A),FA19,120,72,89.7,82.4,7.31,B+ (3.33) / B- (2.94),29.73,Easy
DSC 10 - Principles of Data Science (B),FA19,113,65,95.0,88.1,7.85,B+ (3.37) / B- (2.91),32.74999999999999,Easy
DSC 100 - Intro to Data Management (A),FA19,144,39,81.6,78.9,6.08,B+ (3.44) / A- (3.71),26.34,Easy
DSC 106 - Intro to Data Visualization (A),FA19,118,40,52.5,52.5,10.9,B (3.21) / B (3.14),34.1,Easy
DSC 20 - Prgrmng/DataStruc for Data Sci (A),FA19,111,56,86.8,78.4,11.5,B (3.17) / B- (2.98),38.29999999999999,Easy
DSC 30 - DataStrc/Algrthms for Data Sci (A),FA19,130,57,84.6,82.4,14.19,B- (2.92) / C+ (2.69),47.17,Moderate
DSC 40A - Theor Fndtns of Data Sci I (A),FA19,114,53,84.0,92.0,7.66,B (3.06) / B- (2.80),28.18,Easy
DSC 40B - Theor Fndtns of Data Sci II (A),FA19,52,17,100.0,100.0,8.26,B+ (3.44) / B- (2.83),36.98,Easy
DSC 80 - Practice of Data Science (A),FA19,127,39,94.3,100.0,13.64,B+ (3.40) / B (3.01),48.720000000000006,Moderate
DSC 95 - Tutor Appshp in Data Science (A),FA19,22,16,100.0,100.0,1.0,A (4.00) / N/A,43.0,Moderate
DSC 96 - Workshop in Data Science (A),FA19,14,9,100.0,100.0,0.72,A (4.00) / N/A,42.16,Moderate
DSC 96 - Workshop in Data Science (B),FA19,12,6,83.3,100.0,1.17,A (4.00) / N/A,43.51,Moderate
DSC 10 - Principles of Data Science (A),S219,51,10,88.9,100.0,10.94,A- (3.70) / B- (2.86),49.620000000000005,Moderate
DSC 40B - Theor Fndtns of Data Sci II (A),S119,33,10,100.0,100.0,6.9,B+ (3.30) / B (3.09),24.9,Easy
DSC 10 - Principles of Data Science (A),SP19,103,46,88.6,79.5,7.68,B+ (3.50) / B- (2.96),33.84,Easy
DSC 10 - Principles of Data Science (B),SP19,79,37,96.9,93.8,8.25,B+ (3.53) / B- (2.96),36.15,Easy
DSC 170 - Spatial Data Science and Appl (A),SP19,51,14,100.0,100.0,11.17,B+ (3.56) / B+ (3.66),36.51,Easy
DSC 20 - Prgrmng/DataStruc for Data Sci (A),SP19,152,59,88.9,85.2,9.02,B (3.20) / B- (2.80),35.06,Easy
DSC 30 - DataStrc/Algrthms for Data Sci (A),SP19,224,86,72.2,78.7,15.01,B (3.16) / C+ (2.66),55.03,Moderate
DSC 40A - Theor Fndtns of Data Sci I (A),SP19,73,37,85.3,84.8,8.85,B (3.24) / B- (2.89),33.550000000000004,Easy
DSC 40B - Theor Fndtns of Data Sci II (A),SP19,86,26,88.5,92.3,6.27,B (3.04) / B (3.26),25.409999999999997,Easy
DSC 40B - Theor Fndtns of Data Sci II (B),SP19,23,7,83.3,100.0,6.17,B+ (3.33) / B (3.26),19.910000000000007,Very Easy
DSC 80 - Practice of Data Science (A),SP19,37,10,70.0,100.0,15.5,B+ (3.40) / B (3.08),52.9,Moderate
DSC 80 - Practice of Data Science (B),SP19,49,17,70.6,88.2,14.38,B- (2.71) / B- (2.74),44.040000000000006,Moderate
DSC 96 - Workshop in Data Science (A),SP19,25,13,100.0,100.0,0.65,B (3.00) / N/A,41.95,Moderate
DSC 10 - Principles of Data Science (A),WI19,164,77,97.0,95.5,6.98,B+ (3.66) / B (3.27),28.74000000000001,Easy
DSC 20 - Prgrmng/DataStruc for Data Sci (A),WI19,181,81,94.8,87.0,9.23,B+ (3.34) / B- (2.95),35.489999999999995,Easy
DSC 40A - Theor Fndtns of Data Sci I (A),WI19,64,28,92.0,96.0,8.17,B (3.09) / B- (2.81),30.109999999999992,Easy
DSC 40A - Theor Fndtns of Data Sci I (B),WI19,49,28,89.3,96.4,7.5,B+ (3.36) / B- (2.81),33.5,Easy
DSC 40B - Theor Fndtns of Data Sci II (A),WI19,82,31,64.0,84.0,7.46,B- (2.96) / B (3.12),27.180000000000003,Easy
DSC 80 - Practice of Data Science (A),WI19,24,6,83.3,83.3,13.83,C+ (2.67) / B- (2.98),50.790000000000006,Moderate
DSC 80 - Practice of Data Science (B),WI19,82,31,96.8,96.8,13.79,B+ (3.48) / B- (2.99),51.17,Moderate
DSC 95 - Tutor Appshp in Data Science (A),WI19,17,6,100.0,100.0,1.3,N/A / N/A,43.9,Moderate
DSC 96 - Workshop in Data Science (A),WI19,13,7,80.0,80.0,2.1,A (4.00) / N/A,46.3,Moderate
DSC 96 - Workshop in Data Science (C),WI19,7,5,100.0,100.0,2.9,A (4.00) / N/A,48.7,Moderate
DSC 10 - Principles of Data Science (A),FA18,140,61,98.3,98.3,7.75,B+ (3.48) / B- (2.94),34.05,Easy
DSC 10 - Principles of Data Science (B),FA18,143,54,96.0,97.9,7.34,B+ (3.40) / B- (2.91),31.82,Easy
DSC 20 - Intro to Data Structures (A),FA18,78,22,95.5,77.3,11.23,B+ (3.41) / B- (2.83),45.29,Moderate
DSC 30 - Representations of Data (A),FA18,73,39,86.8,89.2,14.29,B (3.11) / C+ (2.69),51.26999999999999,Moderate
DSC 30 - Representations of Data (B),FA18,15,3,66.7,66.7,14.5,B (3.00) / N/A,83.5,Very Difficult
DSC 40A - Theor Fndtns of Data Sci I (A),FA18,64,36,91.2,100.0,7.53,B (3.29) / B- (2.91),30.19,Easy
DSC 40A - Theor Fndtns of Data Sci I (C),FA18,30,14,100.0,100.0,8.79,B (3.29) / B- (2.91),33.97,Easy
DSC 40B - Theor Fndtns of Data Sci II (A),FA18,24,15,93.3,100.0,7.57,B- (2.79) / C+ (2.59),26.710000000000004,Easy
DSC 10 - Principles of Data Science (A),SP18,117,45,93.2,90.9,6.87,B+ (3.62) / B- (2.90),35.010000000000005,Easy
DSC 20 - Intro to Data Structures (A),SP18,55,22,85.0,90.0,9.45,B+ (3.62) / B- (2.81),44.55,Moderate
DSC 20 - Intro to Data Structures (B),SP18,67,32,92.9,92.9,11.61,B+ (3.43) / B- (2.81),47.23,Moderate
DSC 30 - Representations of Data (A),SP18,60,25,91.3,95.7,12.24,B+ (3.35) / B- (2.88),46.120000000000005,Moderate
DSC 10 - Introduction to Programming (C),WI18,53,25,95.7,95.7,6.24,B+ (3.59) / B (3.18),26.919999999999995,Easy
DSC 10 - Introduction to Programming (D),WI18,112,49,95.7,93.6,7.27,B+ (3.59) / B (3.18),30.00999999999999,Easy
DSC 20 - Intro to Data Structures (B),WI18,81,38,97.2,97.1,9.89,B+ (3.43) / B (3.29),32.470000000000006,Easy
DSC 10 - Introduction to Programming (A),FA17,37,19,94.7,100.0,8.18,B (3.29) / B- (2.87),32.94,Easy
DSC 10 - Introduction to Programming (B),FA17,37,17,93.8,100.0,6.63,B+ (3.44) / B (3.06),27.489999999999995,Easy
DSC 10 - Introduction to Programming (C),FA17,39,15,100.0,100.0,8.5,B (3.29) / B- (2.87),33.9,Easy
